{
    "WorkSpeed": {
        "mean": 21.947811126708984,
        "std": 8.64724063873291
    },
    "RealPower": {
        "mean": 14326.2626953125,
        "std": 6253.00830078125
    },
    "Focus": {
        "mean": 16.138383865356445,
        "std": 3.2964229583740234
    },
    "CutHeight": {
        "mean": 0.39696937799453735,
        "std": 0.15321767330169678
    },
    "GasPressure": {
        "mean": 0.7555552124977112,
        "std": 0.23250168561935425
    },
    "LaserPower": {
        "mean": 21636.36328125,
        "std": 7452.82080078125
    },
    "Thickness": {
        "mean": 24.919191360473633,
        "std": 12.775191307067871
    },
    "NozzleDiameter": {
        "mean": 1.6404038667678833,
        "std": 0.37602895498275757
    },
    "GasType": {
        "range": 3
    },
    "NozzleName": {
        "range": 2
    },
    "Material": {
        "range": 0
    }
}