{
    "WorkSpeed": {
        "mean": 107.27733612060547,
        "std": 75.5402603149414
    },
    "RealPower": {
        "mean": 24278.880859375,
        "std": 7470.3515625
    },
    "Focus": {
        "mean": -8.527199745178223,
        "std": 8.221193313598633
    },
    "CutHeight": {
        "mean": 1.1067999601364136,
        "std": 0.8570483326911926
    },
    "GasPressure": {
        "mean": 5.315240383148193,
        "std": 2.9806809425354004
    },
    "LaserPower": {
        "mean": 25376.0,
        "std": 7589.5341796875
    },
    "Thickness": {
        "mean": 17.152000427246094,
        "std": 9.914539337158203
    },
    "NozzleDiameter": {
        "mean": 3.371999740600586,
        "std": 1.1647844314575195
    },
    "GasType": {
        "range": 3
    },
    "NozzleName": {
        "range": 2
    },
    "Material": {
        "range": 0
    }
}