{"WorkSpeed": {"mean": 82.97762298583984, "std": 74.66687774658203}, "RealPower": {"mean": 21428.62890625, "std": 8443.3798828125}, "Focus": {"mean": -1.5460001230239868, "std": 13.22932243347168}, "CutHeight": {"mean": 0.9045714735984802, "std": 0.7958482503890991}, "GasPressure": {"mean": 4.044600486755371, "std": 3.2803423404693604}, "LaserPower": {"mean": 24280.0, "std": 7754.2041015625}, "Thickness": {"mean": 19.334285736083984, "std": 11.350862503051758}, "NozzleDiameter": {"mean": 2.8811428546905518, "std": 1.2717736959457397}, "GasType": {"range": 3}, "NozzleName": {"range": 2}, "Material": {"range": 0}}